썸네일 이미지 주소,타이틀,작가명,평점
https://image-comic.pstatic.net/webtoon/839004/thumbnail/thumbnail_IMAG21_258e9101-6b52-49a2-bcaa-6f90f540624f.jpg,만남어플 중독,루즌아,9.82
https://image-comic.pstatic.net/webtoon/758037/thumbnail/thumbnail_IMAG21_15cb2611-34c0-4f02-a689-41d0b1016579.jpg,참교육,채용택 / 한가람,9.89
https://image-comic.pstatic.net/webtoon/822657/thumbnail/thumbnail_IMAG21_99e49512-e05d-48c3-846d-d898f78523df.jpg,환생천마,JP / 부겸 / 장영훈,9.95
https://image-comic.pstatic.net/webtoon/817859/thumbnail/thumbnail_IMAG21_7479316a-1fca-40d6-9d8e-455f8b2fb0db.jpg,왕과의 야행,보리,9.98
https://image-comic.pstatic.net/webtoon/796075/thumbnail/thumbnail_IMAG21_31f75c4c-81c9-454a-8d92-9e23b577e1a5.jpg,절대검감,김두루미 / 티아이 / 한중월야,9.95
https://image-comic.pstatic.net/webtoon/733074/thumbnail/thumbnail_IMAG21_80df3e76-47af-4007-b57c-e8f2830835e5.jpg,백수세끼,치즈,9.86
https://image-comic.pstatic.net/webtoon/774866/thumbnail/thumbnail_IMAG21_b03cd4bd-bc74-4469-a501-20896bcc887f.jpg,똑 닮은 딸,이담,9.98
https://image-comic.pstatic.net/webtoon/602910/thumbnail/thumbnail_IMAG21_bf4e0c4d-5ddc-4117-b070-7cb3f2126ed8.jpg,윈드브레이커,조용석,9.84
https://image-comic.pstatic.net/webtoon/654774/thumbnail/thumbnail_IMAG21_1209b520-bcd9-4031-b76f-bc8a7f5527fd.jpg,소녀의 세계,모랑지,9.92
https://image-comic.pstatic.net/webtoon/822573/thumbnail/thumbnail_IMAG21_d5b20239-59d8-4274-85ef-3d096420738c.jpg,귀촌리,황양 / 이대한,9.96
https://image-comic.pstatic.net/webtoon/834886/thumbnail/thumbnail_IMAG21_3a360149-06bd-4238-b9b6-5b4e6dc80420.jpg,노곤하개 쇼츠,홍끼,9.98
https://image-comic.pstatic.net/webtoon/832703/thumbnail/thumbnail_IMAG21_1dab240b-fafb-472a-8b42-966f40f8fdc0.jpg,시한부 천재가 살아남는 법,JP / 윤승기 / 청시소,9.93
https://image-comic.pstatic.net/webtoon/795297/thumbnail/thumbnail_IMAG21_faf34882-b740-4901-9431-82b4a9c7ad71.jpg,신화급 귀속 아이템을 손에 넣었다,판테라 / 헤스 / 정선율,9.80
https://image-comic.pstatic.net/webtoon/821195/thumbnail/thumbnail_IMAG21_4eff0192-8237-4ec7-b74c-bd66cfd25d51.jpg,회귀한 공작가의 막내도련님은 암살자,스윙뱃 / 커피라임,9.93
https://image-comic.pstatic.net/webtoon/796867/thumbnail/thumbnail_IMAG21_fc03c47f-5289-4c54-b3eb-718592ce8309.jpg,버림받은 왕녀의 은밀한 침실,혜니 / 성혜림,9.94
